{"zone temperature": {"mean": 21.612128136895226, "std": 1.1868372048975775}, "Site Outdoor Air Drybulb Temperature(Environment)": {"mean": 19.429050000000004, "std": 4.392150992699515}, "Site Outdoor Air Relative Humidity(Environment)": {"mean": 80.20875, "std": 16.33245191115575}, "Site Wind Speed(Environment)": {"mean": 3.855325, "std": 1.8370430405794718}, "Site Total Solar Radiation Rate per Area(Environment)": {"mean": 205.492625, "std": 272.2863681586022}, "Zone People Occupant Count(SPACE1-1)": {"mean": 3.1988, "std": 4.6252843358645315}, "control signal": {"mean": 4.092, "std": 2.58144686832152}}